method,total,tool_accuracy,argument_f1,normalized_argument_f1,exact_match,normalized_exact_match,json_success_rate,hallucinated_tool_rate,avg_latency_ms
Random,19,0.15789473684210525,0.0,0.0,0.0,0.0,1.0,0.0,0.0
Keyword,19,0.9473684210526315,0.4140350877192982,0.4140350877192982,0.15789473684210525,0.15789473684210525,1.0,0.0,0.0
Gemini,19,1.0,0.7087719298245613,0.8065162907268171,0.3684210526315789,0.5789473684210527,1.0,0.0,2409.4736842105262
